name,addr_city,addr_state,addr_pin
Vinder,Colorado Springs,Colorado,80935
Fiveclub,Springfield,Illinois,62723
Yodel,Cedar Rapids,Iowa,52405
Skynoodle,San Jose,California,95138
Viva,Chicago,Illinois,60624
Skinte,Albuquerque,New Mexico,87190
Twitterbeat,Richmond,Virginia,23293
Tazz,Escondido,California,92030
Npath,Riverside,California,92519
Twitterbridge,Lynchburg,Virginia,24503
Skilith,El Paso,Texas,79999
Buzzster,Annapolis,Maryland,21405
Brightbean,Colorado Springs,Colorado,80920
Youopia,Winston Salem,North Carolina,27110
Thoughtsphere,Norfolk,Virginia,23509
Meetz,Boise,Idaho,83757
Twitterlist,Tucson,Arizona,85748
Devcast,Erie,Pennsylvania,16550
Innotype,Alexandria,Louisiana,71307
Vinder,Memphis,Tennessee,38143
Mudo,Jacksonville,Florida,32209
Mudo,Rochester,New York,14639
Ntags,Sioux Falls,South Dakota,57193
Yamia,Monticello,Minnesota,55590
Katz,Fresno,California,93721
Zoomcast,Henderson,Nevada,89074
Yakitri,El Paso,Texas,79989
Zazio,Sacramento,California,94286
Skyndu,Boulder,Colorado,80305
Wordpedia,Lancaster,Pennsylvania,17605
Teklist,Winter Haven,Florida,33884
Topicshots,Anchorage,Alaska,99512
Brainverse,Hampton,Virginia,23663
Kwideo,Lees Summit,Missouri,64082
Meembee,Tallahassee,Florida,32399
Dabfeed,Santa Monica,California,90405
Twitterbridge,Maple Plain,Minnesota,55579
Snaptags,Salt Lake City,Utah,84130
Edgepulse,Austin,Texas,78744
Youbridge,Denver,Colorado,80291
Nlounge,Wichita Falls,Texas,76305
Shufflester,Irving,Texas,75062
Skalith,Lafayette,Indiana,47905
Youspan,Saint Louis,Missouri,63180
Ntag,Philadelphia,Pennsylvania,19115
Skiptube,Charleston,West Virginia,25362
Meedoo,Chandler,Arizona,85246
LiveZ,Washington,District of Columbia,20268
Flipopia,San Jose,California,95155
Realcube,Washington,District of Columbia,20299
Zava,Midland,Michigan,48670
Eare,Tulsa,Oklahoma,74156
Eire,Kalamazoo,Michigan,49006
Avavee,Providence,Rhode Island,2912
Photojam,Riverside,California,92513
Zava,Atlanta,Georgia,31190
Meejo,Toledo,Ohio,43656
Lazz,Salt Lake City,Utah,84120
Vipe,Fresno,California,93762
Quimba,San Antonio,Texas,78250
Shufflebeat,Shreveport,Louisiana,71166
Buzzbean,Albany,New York,12222
Skibox,Houston,Texas,77020
Izio,Saint Louis,Missouri,63110
Centimia,Memphis,Tennessee,38188
Omba,Hartford,Connecticut,6145
Devcast,Spokane,Washington,99210
Gabspot,South Lake Tahoe,California,96154
Skinder,Oklahoma City,Oklahoma,73147
Shuffletag,Murfreesboro,Tennessee,37131
Myworks,Albuquerque,New Mexico,87195
Vipe,Fort Lauderdale,Florida,33325
Trilith,Virginia Beach,Virginia,23459
Buzzster,Naperville,Illinois,60567
Wikizz,El Paso,Texas,88525
Fadeo,Lansing,Michigan,48919
Quatz,New Hyde Park,New York,11044
Mydo,Erie,Pennsylvania,16505
Dabjam,Columbus,Mississippi,39705
Meejo,Baltimore,Maryland,21282
Voonyx,Washington,District of Columbia,20016
Zooveo,Maple Plain,Minnesota,55579
Tazz,San Bernardino,California,92424
Oozz,Dallas,Texas,75265
Jabberstorm,El Paso,Texas,88553
Oloo,Waltham,Massachusetts,2453
Twimbo,Houston,Texas,77245
Kanoodle,Denver,Colorado,80228
Fliptune,San Jose,California,95194
Yakidoo,Tallahassee,Florida,32309
Vinte,Charleston,West Virginia,25326
Trilia,Newport News,Virginia,23612
Ntags,Knoxville,Tennessee,37995
Eamia,Fort Worth,Texas,76134
Twitterlist,Birmingham,Alabama,35220
Meeveo,Washington,District of Columbia,20546
Fivechat,Cincinnati,Ohio,45228
Feedbug,Indianapolis,Indiana,46239
Realcube,San Diego,California,92186
Topdrive,Flint,Michigan,48550
Blognation,Indianapolis,Indiana,46278
Jamia,Pomona,California,91797
JumpXS,North Little Rock,Arkansas,72199
Teklist,Phoenix,Arizona,85020
Voolith,Saginaw,Michigan,48609
Fivebridge,Johnson City,Tennessee,37605
Twinte,Salt Lake City,Utah,84120
Feednation,Sioux Falls,South Dakota,57105
Podcat,Shreveport,Louisiana,71115
Youspan,Oakland,California,94622
Yadel,Minneapolis,Minnesota,55470
Zava,Phoenix,Arizona,85053
Janyx,San Diego,California,92165
Ainyx,Hartford,Connecticut,6183
Ntags,Washington,District of Columbia,20337
Thoughtstorm,Sacramento,California,95838
Skynoodle,Stamford,Connecticut,6912
Yakidoo,Moreno Valley,California,92555
Agivu,Houston,Texas,77276
Browsetype,Carson City,Nevada,89706
Jabberbean,Tulsa,Oklahoma,74156
Fivebridge,Milwaukee,Wisconsin,53277
Photofeed,Miami Beach,Florida,33141
Flipopia,New York City,New York,10125
Quinu,Jacksonville,Florida,32215
Topiczoom,Naples,Florida,33963
Realmix,Seminole,Florida,34642
Trilith,Salt Lake City,Utah,84170
Jabbersphere,San Diego,California,92145
Bluejam,Houston,Texas,77030
Mymm,Dallas,Texas,75236
Camido,Los Angeles,California,90060
Twitterworks,Saint Paul,Minnesota,55166
Tagchat,Huntington,West Virginia,25721
Meemm,Phoenix,Arizona,85030
Gevee,Saint Louis,Missouri,63121
Wikibox,San Antonio,Texas,78260
Voolia,Rochester,Minnesota,55905
Thoughtmix,Tyler,Texas,75705
Pixope,Frederick,Maryland,21705
Fatz,San Diego,California,92170
Gigaclub,Tulsa,Oklahoma,74116
Photobean,El Paso,Texas,88553
Gevee,Tulsa,Oklahoma,74108
Yabox,Yonkers,New York,10705
Eimbee,San Mateo,California,94405
Mita,Eugene,Oregon,97405
Shufflebeat,Houston,Texas,77260
Devpulse,Albuquerque,New Mexico,87105
Topiclounge,San Diego,California,92132
Meedoo,West Palm Beach,Florida,33421
Katz,Lafayette,Louisiana,70593
Livetube,Houston,Texas,77075
Tagfeed,Santa Fe,New Mexico,87592
Brainsphere,Houston,Texas,77005
Mudo,Tampa,Florida,33620
Yadel,Seattle,Washington,98148
Browsetype,Las Vegas,Nevada,89150
Feedbug,Omaha,Nebraska,68164
Avaveo,El Paso,Texas,79989
Twitternation,Arlington,Virginia,22217
Reallinks,Odessa,Texas,79769
Kwilith,Charlotte,North Carolina,28284
Zooveo,Columbus,Georgia,31914
Shuffledrive,San Jose,California,95113
Vinte,Charleston,West Virginia,25362
Oba,New Orleans,Louisiana,70124
Kwilith,Clearwater,Florida,33758
Pixope,Louisville,Kentucky,40287
Fadeo,Cape Coral,Florida,33915
Agivu,Raleigh,North Carolina,27621
Rhyloo,Waco,Texas,76796
Demivee,Jacksonville,Florida,32230
Shuffledrive,Decatur,Georgia,30089
Lazz,Carlsbad,California,92013
Tazz,Jamaica,New York,11470
Zoozzy,Los Angeles,California,90005
Meezzy,Sioux Falls,South Dakota,57198
Voomm,Buffalo,New York,14269
Thoughtblab,Orange,California,92867
Agivu,Seattle,Washington,98109
Myworks,Des Moines,Iowa,50936
Devify,Louisville,Kentucky,40287
Innotype,Worcester,Massachusetts,1654
Vimbo,Philadelphia,Pennsylvania,19115
Quinu,El Paso,Texas,79934
Reallinks,Denver,Colorado,80235
Roombo,Waco,Texas,76705
Ailane,Brooklyn,New York,11231
Wikizz,Pittsburgh,Pennsylvania,15225
Twimm,Lansing,Michigan,48901
Quinu,Washington,District of Columbia,20535
Edgeblab,Savannah,Georgia,31410
Quinu,Fresno,California,93740
Snaptags,Denver,Colorado,80262
Demimbu,Saint Paul,Minnesota,55103
Photofeed,New Orleans,Louisiana,70165
Wordpedia,Wilmington,Delaware,19886
Yamia,Washington,District of Columbia,20244
Katz,Chicago,Illinois,60604
Flipopia,Indianapolis,Indiana,46239
Mycat,Daytona Beach,Florida,32123
Twinder,Birmingham,Alabama,35231
Photojam,Miami Beach,Florida,33141
Lajo,Aiken,South Carolina,29805
Quatz,Shreveport,Louisiana,71151
Demimbu,Glendale,Arizona,85311
Quinu,Santa Ana,California,92705
Vimbo,Arlington,Virginia,22234
Quinu,Atlanta,Georgia,30316
Jazzy,Seattle,Washington,98109
Yotz,Topeka,Kansas,66611
Youfeed,Washington,District of Columbia,20260
Tagtune,New York City,New York,10110
Vitz,Macon,Georgia,31205
Thoughtstorm,Miami,Florida,33180
Photobean,Orange,California,92867
Topicblab,Punta Gorda,Florida,33982
Geba,Washington,District of Columbia,20016
Fivechat,North Little Rock,Arkansas,72118
Yadel,Honolulu,Hawaii,96850
Zoomdog,Austin,Texas,78732
Yakitri,Louisville,Kentucky,40293
Blogspan,Pittsburgh,Pennsylvania,15266
Jabberstorm,Greeley,Colorado,80638
Skilith,Kansas City,Missouri,64109
Eire,Tampa,Florida,33620
Gigashots,Amarillo,Texas,79159
Quaxo,Athens,Georgia,30610
Yacero,Boston,Massachusetts,2114
Roomm,Lubbock,Texas,79405
Nlounge,Saint Louis,Missouri,63126
Voonte,Miami,Florida,33134
Cogidoo,New Orleans,Louisiana,70129
Skimia,Irving,Texas,75037
Blogpad,Saint Paul,Minnesota,55103
Kwinu,Bonita Springs,Florida,34135
Topicshots,Columbus,Georgia,31904
LiveZ,Flint,Michigan,48555
Blogpad,Tuscaloosa,Alabama,35487
Yombu,Phoenix,Arizona,85045
Shufflester,Atlanta,Georgia,31196
Photojam,Kent,Washington,98042
BlogXS,Charleston,West Virginia,25389
Topicshots,Orlando,Florida,32808
Jabberstorm,Midland,Texas,79710
Blogpad,San Jose,California,95108
Vinte,Washington,District of Columbia,20566
Kaymbo,South Bend,Indiana,46699
Zoomzone,Tulsa,Oklahoma,74133
Rhyloo,Oklahoma City,Oklahoma,73167
Topiczoom,Colorado Springs,Colorado,80920
Yakidoo,Los Angeles,California,90060
Edgetag,Bradenton,Florida,34282
Yozio,San Angelo,Texas,76905
Feednation,Tampa,Florida,33680
Meemm,Modesto,California,95354
Vipe,Bakersfield,California,93305
Zoomcast,Houston,Texas,77045
Feedfire,Jackson,Tennessee,38308
Demizz,Houston,Texas,77035
Aivee,Richmond,Virginia,23208
Yombu,Atlanta,Georgia,30392
Rhyloo,Greensboro,North Carolina,27404
Divanoodle,Hollywood,Florida,33023
Midel,San Antonio,Texas,78250
Edgeify,Birmingham,Alabama,35225
Photobug,Washington,District of Columbia,20073
Skipfire,Wilmington,North Carolina,28405
Zoonder,Akron,Ohio,44393
Fiveclub,New York City,New York,10270
Myworks,Richmond,Virginia,23208
Oozz,Jamaica,New York,11436
Jayo,Austin,Texas,78737
Ainyx,Grand Rapids,Michigan,49510
Kwideo,San Rafael,California,94913
Gigashots,San Mateo,California,94405
Kazio,Tulsa,Oklahoma,74126
Zooxo,Jacksonville,Florida,32204
Realpoint,Omaha,Nebraska,68124
Cogibox,Lees Summit,Missouri,64082
JumpXS,Bakersfield,California,93399
Mybuzz,Fort Wayne,Indiana,46857
Browseblab,Tucson,Arizona,85720
Abatz,Minneapolis,Minnesota,55470
Rhybox,Fort Lauderdale,Florida,33310
Trilia,New York City,New York,10280
Buzzbean,Atlanta,Georgia,30351
Kare,Memphis,Tennessee,38150
Browsebug,Asheville,North Carolina,28815
Aimbu,Huntsville,Texas,77343
Shufflebeat,Kansas City,Missouri,64130
Edgetag,Morgantown,West Virginia,26505
Tagchat,Garden Grove,California,92645
Divape,Dallas,Texas,75210
Bluezoom,Fort Lauderdale,Florida,33305
Skilith,Hartford,Connecticut,6105
Oodoo,Tacoma,Washington,98447
Flipstorm,Los Angeles,California,90094
Voonder,Fort Collins,Colorado,80525
Twitterbeat,Akron,Ohio,44310
Rhybox,Atlanta,Georgia,31106
Linkbuzz,Cleveland,Ohio,44130
Quimba,Denver,Colorado,80262
Wikido,Tacoma,Washington,98442
Oozz,Austin,Texas,78754
Linklinks,Tucson,Arizona,85715
Skyba,Birmingham,Alabama,35225
Teklist,Springfield,Massachusetts,1114
Meeveo,Saint Paul,Minnesota,55188
Vipe,Jackson,Mississippi,39204
Kazio,Fresno,California,93786
Centidel,Lakeland,Florida,33811
Topicblab,Buffalo,New York,14269
Snaptags,Jersey City,New Jersey,7310
Voonyx,Tucson,Arizona,85715
Flipopia,Wilmington,Delaware,19897
Jayo,New York City,New York,10175
Dabshots,Houston,Texas,77234
Centidel,Trenton,New Jersey,8650
Fatz,San Jose,California,95194
Wikibox,Homestead,Florida,33034
Edgeify,Louisville,Kentucky,40287
Livetube,Tacoma,Washington,98405
Jayo,Greensboro,North Carolina,27404
Trupe,Washington,District of Columbia,20036
Zoomlounge,Los Angeles,California,90087
Thoughtsphere,Pittsburgh,Pennsylvania,15210
Jabberbean,Lakeland,Florida,33805
Vipe,Louisville,Kentucky,40220
Voomm,Charleston,West Virginia,25331
Nlounge,Woburn,Massachusetts,1813
Skyba,Bradenton,Florida,34282
Riffwire,New York City,New York,10099
Feedmix,Miami,Florida,33190
Quaxo,Kansas City,Missouri,64125
Aimbu,Las Vegas,Nevada,89105
Topicshots,El Paso,Texas,88514
Kare,Juneau,Alaska,99812
Fiveclub,Jacksonville,Florida,32255
Tambee,Maple Plain,Minnesota,55572
Trudoo,Atlanta,Georgia,30323
Katz,Houston,Texas,77030
Lazz,Augusta,Georgia,30911
Talane,Farmington,Michigan,48335
Skiba,Washington,District of Columbia,20010
Bubblemix,Los Angeles,California,90025
Zoombeat,Riverside,California,92519
Devpoint,Panama City,Florida,32412
Aimbu,Washington,District of Columbia,20220
Centidel,Washington,District of Columbia,20057
Skyndu,Odessa,Texas,79769
Digitube,Milwaukee,Wisconsin,53205
Zoomdog,Sioux City,Iowa,51110
Zooxo,New York City,New York,10120
Kazu,Washington,District of Columbia,20470
Zoomdog,Worcester,Massachusetts,1654
Cogibox,Orlando,Florida,32808
Geba,Stamford,Connecticut,6905
Zoonoodle,Bozeman,Montana,59771
Twimm,Louisville,Kentucky,40210
Skipstorm,Duluth,Minnesota,55811
Jamia,Fort Myers,Florida,33994
Kwilith,Newark,New Jersey,7104
Vipe,Grand Rapids,Michigan,49505
Twitterworks,Amarillo,Texas,79159
Jabberbean,Denver,Colorado,80243
Edgetag,Stamford,Connecticut,6922
Shuffletag,Omaha,Nebraska,68134
DabZ,Springfield,Missouri,65810
Browsebug,Portland,Oregon,97206
Yadel,Chicago,Illinois,60686
Babblestorm,Lincoln,Nebraska,68517
Rhybox,San Jose,California,95160
Photobug,Indianapolis,Indiana,46207
Twitterworks,Greeley,Colorado,80638
Feedfish,Elmira,New York,14905
Tagchat,Lansing,Michigan,48912
Thoughtbeat,Muskegon,Michigan,49444
Devpoint,Brooksville,Florida,34605
Demivee,Milwaukee,Wisconsin,53225
Brainverse,Cincinnati,Ohio,45264
Blogpad,Long Beach,California,90840
Quamba,Miami,Florida,33185
Meevee,Seattle,Washington,98104
Blogspan,Anderson,Indiana,46015
Skimia,Allentown,Pennsylvania,18105
Realbridge,Miami,Florida,33190
Jamia,Tucson,Arizona,85737
Fiveclub,San Francisco,California,94177
Ailane,Dallas,Texas,75236
Yacero,New Orleans,Louisiana,70165
Skidoo,Brooklyn,New York,11215
Roomm,Washington,District of Columbia,20380
Npath,Chattanooga,Tennessee,37416
Wordify,Springfield,Virginia,22156
Buzzbean,Portland,Oregon,97232
Talane,El Paso,Texas,88563
Oba,Arvada,Colorado,80005
Feedbug,Saint Petersburg,Florida,33731
Meeveo,Atlanta,Georgia,31196
Oyoyo,Stamford,Connecticut,6922
Flipstorm,Washington,District of Columbia,20231
Youtags,Pittsburgh,Pennsylvania,15220
Gabcube,New York City,New York,10090
Twimbo,Daytona Beach,Florida,32123
Yabox,Sacramento,California,94286
Brightbean,Houston,Texas,77245
Thoughtblab,Abilene,Texas,79699
Bluejam,Houston,Texas,77299
Twinte,Greenville,South Carolina,29605
Aivee,Lexington,Kentucky,40581
Tagchat,Anaheim,California,92812
Yakitri,Nashville,Tennessee,37220
Thoughtstorm,Killeen,Texas,76544
Kwideo,Atlanta,Georgia,30380
Quire,Portland,Oregon,97232
Voomm,Chicago,Illinois,60646
Realbuzz,New Haven,Connecticut,6510
Oyoba,Wichita,Kansas,67220
Skidoo,Jackson,Mississippi,39282
Zava,Aurora,Illinois,60505
Yamia,Minneapolis,Minnesota,55448
Kaymbo,Miami,Florida,33245
Kimia,Irvine,California,92619
Skinix,Carson City,Nevada,89714
Oozz,New York City,New York,10184
Photospace,El Paso,Texas,88530
Ntags,Redwood City,California,94064
Chatterpoint,Carol Stream,Illinois,60158
Mymm,Washington,District of Columbia,20073
Voonyx,Saint Paul,Minnesota,55108
Abata,Mobile,Alabama,36641
Avamm,Kansas City,Missouri,64153
Eadel,Kansas City,Missouri,64187
Wikizz,Baltimore,Maryland,21282
Wikido,Fort Worth,Texas,76105
Zava,Minneapolis,Minnesota,55417
Voolith,Raleigh,North Carolina,27626
Yodo,Dallas,Texas,75367
Tagpad,Anaheim,California,92805
Yabox,New Haven,Connecticut,6505
Flipstorm,Indianapolis,Indiana,46278
Podcat,Dallas,Texas,75367
Quaxo,Fort Wayne,Indiana,46825
Dabvine,El Paso,Texas,79989
Fivechat,Detroit,Michigan,48295
Edgeclub,Sandy,Utah,84093
Voolith,Houston,Texas,77234
Aivee,San Diego,California,92127
Tazz,Evansville,Indiana,47705
Linkbridge,El Paso,Texas,79928
Quire,Fort Wayne,Indiana,46852
Shuffletag,Honolulu,Hawaii,96805
Yakijo,Brooklyn,New York,11247
Browsezoom,San Francisco,California,94177
Abata,Charlottesville,Virginia,22908
Ntag,Lexington,Kentucky,40524
Centizu,Baltimore,Maryland,21229
Vinder,San Antonio,Texas,78250
Kazio,Minneapolis,Minnesota,55428
Jabbersphere,Washington,District of Columbia,20319
Teklist,Shreveport,Louisiana,71166
Tazz,Philadelphia,Pennsylvania,19104
Kare,Saint Joseph,Missouri,64504
Fivechat,Cincinnati,Ohio,45228
Babbleblab,Milwaukee,Wisconsin,53263
Skiba,Flint,Michigan,48555
Mynte,Wichita,Kansas,67220
Agivu,Staten Island,New York,10310
Npath,Bridgeport,Connecticut,6606
Twitterbridge,Houston,Texas,77090
Youbridge,White Plains,New York,10633
Kwideo,San Francisco,California,94154
Einti,Chicago,Illinois,60624
Eire,Watertown,Massachusetts,2472
Tekfly,Atlanta,Georgia,30343
Babbleopia,Young America,Minnesota,55573
Thoughtstorm,Kingsport,Tennessee,37665
Tagchat,Charlotte,North Carolina,28215
Myworks,San Antonio,Texas,78230
Photobug,San Jose,California,95150
Edgewire,Los Angeles,California,90189
Rhyzio,Fort Pierce,Florida,34981
Quamba,Tulsa,Oklahoma,74184
Tavu,Oklahoma City,Oklahoma,73157
Gabvine,Springfield,Illinois,62718
Livefish,Washington,District of Columbia,20010
Flashspan,Tulsa,Oklahoma,74170
Zooveo,Long Beach,California,90847
Skibox,Lakeland,Florida,33805
Twitterlist,Van Nuys,California,91406
Topdrive,San Antonio,Texas,78220
Voonder,Houston,Texas,77228
Lajo,Decatur,Illinois,62525
JumpXS,Philadelphia,Pennsylvania,19093
Zoombeat,Cincinnati,Ohio,45203
Flipopia,Peoria,Arizona,85383
Zoonoodle,Chicago,Illinois,60697
Dabtype,Trenton,New Jersey,8638
